number,position,positionText,points,grid,laps,status,Driver.driverId,Driver.permanentNumber,Driver.code,Driver.url,Driver.givenName,Driver.familyName,Driver.dateOfBirth,Driver.nationality,Constructor.constructorId,Constructor.url,Constructor.name,Constructor.nationality,Time.millis,Time.time,FastestLap.rank,FastestLap.lap,FastestLap.Time.time,FastestLap.AverageSpeed.units,FastestLap.AverageSpeed.speed
44,1,1,25,2,52,Finished,hamilton,44,HAM,http://en.wikipedia.org/wiki/Lewis_Hamilton,Lewis,Hamilton,1985-01-07,British,mercedes,http://en.wikipedia.org/wiki/Mercedes-Benz_in_Formula_One,Mercedes,German,7103284,1:58:23.284,2,45,1:29.699,kph,236.430
16,2,2,18,4,52,Finished,leclerc,16,LEC,http://en.wikipedia.org/wiki/Charles_Leclerc,Charles,Leclerc,1997-10-16,Monegasque,ferrari,http://en.wikipedia.org/wiki/Scuderia_Ferrari,Ferrari,Italian,7107155,+3.871,5,45,1:30.569,kph,234.159
77,3,3,15,3,52,Finished,bottas,77,BOT,http://en.wikipedia.org/wiki/Valtteri_Bottas,Valtteri,Bottas,1989-08-28,Finnish,mercedes,http://en.wikipedia.org/wiki/Mercedes-Benz_in_Formula_One,Mercedes,German,7114409,+11.125,4,45,1:30.524,kph,234.275
4,4,4,12,5,52,Finished,norris,4,NOR,http://en.wikipedia.org/wiki/Lando_Norris,Lando,Norris,1999-11-13,British,mclaren,http://en.wikipedia.org/wiki/McLaren,McLaren,British,7131857,+28.573,9,44,1:31.420,kph,231.979
3,5,5,10,6,52,Finished,ricciardo,3,RIC,http://en.wikipedia.org/wiki/Daniel_Ricciardo,Daniel,Ricciardo,1989-07-01,Australian,mclaren,http://en.wikipedia.org/wiki/McLaren,McLaren,British,7145908,+42.624,8,51,1:31.284,kph,232.325
55,6,6,8,10,52,Finished,sainz,55,SAI,http://en.wikipedia.org/wiki/Carlos_Sainz_Jr.,Carlos,Sainz,1994-09-01,Spanish,ferrari,http://en.wikipedia.org/wiki/Scuderia_Ferrari,Ferrari,Italian,7146738,+43.454,7,51,1:31.223,kph,232.480
14,7,7,6,7,52,Finished,alonso,14,ALO,http://en.wikipedia.org/wiki/Fernando_Alonso,Fernando,Alonso,1981-07-29,Spanish,alpine,http://en.wikipedia.org/wiki/Alpine_F1_Team,Alpine F1 Team,French,7175377,+1:12.093,10,48,1:31.698,kph,231.276
18,8,8,4,14,52,Finished,stroll,18,STR,http://en.wikipedia.org/wiki/Lance_Stroll,Lance,Stroll,1998-10-29,Canadian,aston_martin,http://en.wikipedia.org/wiki/Aston_Martin_in_Formula_One,Aston Martin,British,7177573,+1:14.289,12,48,1:31.992,kph,230.537
31,9,9,2,9,52,Finished,ocon,31,OCO,http://en.wikipedia.org/wiki/Esteban_Ocon,Esteban,Ocon,1996-09-17,French,alpine,http://en.wikipedia.org/wiki/Alpine_F1_Team,Alpine F1 Team,French,7179446,+1:16.162,14,48,1:32.210,kph,229.992
22,10,10,1,16,52,Finished,tsunoda,22,TSU,http://en.wikipedia.org/wiki/Yuki_Tsunoda,Yuki,Tsunoda,2000-05-11,Japanese,alphatauri,http://en.wikipedia.org/wiki/Scuderia_AlphaTauri,AlphaTauri,Italian,7185349,+1:22.065,6,51,1:30.826,kph,233.497
10,11,11,0,11,52,Finished,gasly,10,GAS,http://en.wikipedia.org/wiki/Pierre_Gasly,Pierre,Gasly,1996-02-07,French,alphatauri,http://en.wikipedia.org/wiki/Scuderia_AlphaTauri,AlphaTauri,Italian,7188611,+1:25.327,3,52,1:30.266,kph,234.945
63,12,12,0,12,51,+1 Lap,russell,63,RUS,http://en.wikipedia.org/wiki/George_Russell_(racing_driver),George,Russell,1998-02-15,British,williams,http://en.wikipedia.org/wiki/Williams_Grand_Prix_Engineering,Williams,British,,,13,49,1:32.049,kph,230.394
99,13,13,0,15,51,+1 Lap,giovinazzi,99,GIO,http://en.wikipedia.org/wiki/Antonio_Giovinazzi,Antonio,Giovinazzi,1993-12-14,Italian,alfa,http://en.wikipedia.org/wiki/Alfa_Romeo_in_Formula_One,Alfa Romeo,Swiss,,,15,49,1:32.346,kph,229.653
6,14,14,0,17,51,+1 Lap,latifi,6,LAT,http://en.wikipedia.org/wiki/Nicholas_Latifi,Nicholas,Latifi,1995-06-29,Canadian,williams,http://en.wikipedia.org/wiki/Williams_Grand_Prix_Engineering,Williams,British,,,16,51,1:32.477,kph,229.328
7,15,15,0,13,51,+1 Lap,raikkonen,7,RAI,http://en.wikipedia.org/wiki/Kimi_R%C3%A4ikk%C3%B6nen,Kimi,Räikkönen,1979-10-17,Finnish,alfa,http://en.wikipedia.org/wiki/Alfa_Romeo_in_Formula_One,Alfa Romeo,Swiss,,,11,48,1:31.895,kph,230.780
11,16,16,0,0,51,+1 Lap,perez,11,PER,http://en.wikipedia.org/wiki/Sergio_P%C3%A9rez,Sergio,Pérez,1990-01-26,Mexican,red_bull,http://en.wikipedia.org/wiki/Red_Bull_Racing,Red Bull,Austrian,,,1,50,1:28.617,kph,239.317
9,17,17,0,19,51,+1 Lap,mazepin,9,MAZ,http://en.wikipedia.org/wiki/Nikita_Mazepin,Nikita,Mazepin,1999-03-02,Russian,haas,http://en.wikipedia.org/wiki/Haas_F1_Team,Haas F1 Team,American,,,18,51,1:32.909,kph,228.262
47,18,18,0,18,51,+1 Lap,mick_schumacher,47,MSC,http://en.wikipedia.org/wiki/Mick_Schumacher,Mick,Schumacher,1999-03-22,German,haas,http://en.wikipedia.org/wiki/Haas_F1_Team,Haas F1 Team,American,,,17,50,1:32.862,kph,228.377
5,19,R,0,8,40,Retired,vettel,5,VET,http://en.wikipedia.org/wiki/Sebastian_Vettel,Sebastian,Vettel,1987-07-03,German,aston_martin,http://en.wikipedia.org/wiki/Aston_Martin_in_Formula_One,Aston Martin,British,,,19,35,1:33.059,kph,227.894
33,20,R,0,1,0,Collision,max_verstappen,33,VER,http://en.wikipedia.org/wiki/Max_Verstappen,Max,Verstappen,1997-09-30,Dutch,red_bull,http://en.wikipedia.org/wiki/Red_Bull_Racing,Red Bull,Austrian,,,,,,,
